Name,Height,Weight,Reach,STANCE,DOB,SLpM,StrAcc,SApM,StrDef,TDAvg,TDAcc,TDDef,SubAvg,WEIGHT_CLASS,RANK_NUM,WEIGHT_CODE,TOTAL,WINS,KO_TKO,SUB_WINS,DEC_WINS,LOSSES,DRAWS,AVG_TIME
Tom Aspinall,"6' 5""",256 lbs.,"78""",Orthodox,11-Apr-93,8.07,67%,2.89,65%,3.27,100%,100%,1.6,Heavyweight,C,6,18,15,12,3,0,3,0,122
Ciryl Gane,"6' 4""",245 lbs.,"81""",Orthodox,12-Apr-90,5.26,61%,2.23,61%,0.7,25%,43%,0.6,Heavyweight,1,6,15,13,8,3,2,2,0,195
Alexander Volkov,"6' 7""",250 lbs.,"80""",Orthodox,24-Oct-88,4.97,57%,2.99,54%,0.61,66%,72%,0.2,Heavyweight,2,6,50,39,25,4,10,11,0,204
Sergei Pavlovich,"6' 3""",257 lbs.,"84""",Southpaw,13-May-92,4.43,44%,3.62,55%,0.48,25%,75%,0,Heavyweight,3,6,22,19,16,0,3,3,0,206
Curtis Blaydes,"6' 4""",265 lbs.,"80""",Orthodox,18-Feb-91,3.56,50%,2,58%,5.38,48%,31%,0,Heavyweight,4,6,24,18,13,0,5,5,0,295
Jailton Almeida,"6' 3""",205 lbs.,"79""",Orthodox,26-Jun-91,2.62,65%,0.89,41%,6.58,60%,60%,2.4,Heavyweight,5,6,25,22,8,13,1,3,0,327
Waldo Cortes-Acosta,"6' 4""",260 lbs.,"78""",Orthodox,03-Oct-91,5.61,48%,3.51,55%,0.37,50%,71%,0.1,Heavyweight,6,6,42,28,23,1,4,12,0,328
Serghei Spivac,"6' 3""",260 lbs.,"78""",Orthodox,24-Jan-95,3.45,48%,4.25,50%,4.21,62%,63%,0.5,Heavyweight,7,6,33,25,10,6,9,8,0,334
Derrick Lewis,"6' 3""",260 lbs.,"79""",Orthodox,07-Feb-85,2.51,50%,2.49,40%,0.56,26%,52%,0,Heavyweight,8,6,23,17,7,8,2,6,0,340
Ante Delija,"6' 3""",239 lbs.,"78""",Orthodox,07-Aug-90,6.34,46%,1.95,55%,0,0%,0%,0,Heavyweight,9,6,23,15,14,0,1,8,0,342
Marcin Tybura,"6' 3""",246 lbs.,"78""",Orthodox,09-Nov-85,3.59,48%,3.33,55%,1.38,33%,75%,0.1,Heavyweight,10,6,14,13,7,0,6,1,0,651
Khamzat Chimaev,"6' 2""",185 lbs.,"75""",Orthodox,01-May-94,4.04,60%,2.32,43%,5.29,55%,85%,1.8,Middleweight,C,4,15,15,6,6,3,0,0,491
Dricus Du Plessis,"6' 1""",185 lbs.,"76""",Switch,14-Jan-94,5.18,48%,4.33,52%,2.22,51%,34%,0.7,Middleweight,1,4,26,23,9,11,3,3,0,893
Nassourdine Imavov,"6' 3""",185 lbs.,"75""",Orthodox,01-Mar-96,4.28,54%,3.17,58%,0.74,32%,81%,1,Middleweight,2,4,21,17,8,4,5,4,0,863
Sean Strickland,"6' 1""",185 lbs.,"76""",Orthodox,27-Feb-91,5.95,42%,4.57,60%,0.73,64%,76%,0.2,Middleweight,3,4,36,29,11,4,14,7,0,963
Reinier de Ridder,"6' 4""",185 lbs.,"78""",Southpaw,07-Sep-90,2.95,52%,2.44,50%,2.86,27%,66%,0.6,Middleweight,4,4,24,21,5,13,3,3,0,806
Israel Adesanya,"6' 4""",185 lbs.,"80""",Switch,22-Jul-89,4.02,48%,3.2,55%,0.05,11%,76%,0.1,Middleweight,5,4,29,24,16,0,8,5,0,1029
Anthony Hernandez,"6' 0""",185 lbs.,"75""",Orthodox,18-Oct-93,4.59,62%,2.53,49%,6.46,48%,68%,1.8,Middleweight,6,4,18,16,5,8,3,2,0,692
Caio Borralho,"6' 1""",185 lbs.,"75""",Southpaw,16-Jan-93,3.44,56%,2.5,60%,1.28,48%,76%,0.4,Middleweight,7,4,36,27,10,5,12,9,0,844
Robert Whittaker,"6' 0""",185 lbs.,"73""",Orthodox,20-Dec-90,4.39,43%,3.36,59%,0.73,38%,82%,0,Middleweight,8,4,20,17,4,4,9,2,1,929
Brendan Allen,"6' 2""",185 lbs.,"75""",Orthodox,28-Dec-95,3.85,53%,3.96,47%,1.65,41%,56%,1.2,Middleweight,9,4,27,24,13,3,8,3,0,713
Michael Page,"6' 3""",185 lbs.,"79""",Switch,07-Apr-87,2.39,60%,1.68,57%,0.23,16%,66%,0,Middleweight,10,4,27,18,12,2,4,9,0,980
Alex Pereira,"6' 4""",205 lbs.,"79""",Orthodox,07-Jul-87,5.16,62%,3.5,53%,0.11,50%,79%,0.2,Light Heavyweight,C,5,13,11,9,0,2,2,0,519
Jiri Prochazka,"6' 3""",205 lbs.,"80""",Orthodox,14-Oct-92,5.69,55%,5.6,45%,0.51,60%,68%,0.2,Light Heavyweight,1,5,38,32,29,3,0,5,1,664
Magomed Ankalaev,"6' 3""",205 lbs.,"75""",Orthodox,02-Jun-92,3.65,52%,2.59,56%,0.79,22%,87%,0,Light Heavyweight,2,5,23,20,10,4,6,2,1,709
Carlos Ulberg,"6' 4""",205 lbs.,"77""",Orthodox,07-Nov-90,6.54,55%,4.04,51%,0.55,60%,85%,0.2,Light Heavyweight,3,5,13,12,7,1,4,1,0,447
Jan Blachowicz,"6' 2""",205 lbs.,"78""",Orthodox,24-Feb-83,3.44,49%,3.03,52%,1.03,48%,69%,0.3,Light Heavyweight,4,5,41,29,9,9,11,11,1,791
Khalil Rountree Jr.,"6' 1""",205 lbs.,"76""",Southpaw,26-Feb-90,3.88,40%,4.33,49%,0,0%,58%,0.1,Light Heavyweight,5,5,23,14,9,0,5,7,1,584
Jamahal Hill,"6' 4""",205 lbs.,"79""",Southpaw,19-May-91,6.19,51%,4.03,44%,0,0%,73%,0,Light Heavyweight,6,5,16,12,7,0,5,4,0,622
Aleksandar Rakic,"6' 4""",205 lbs.,"78""",Orthodox,06-Feb-92,4.16,50%,2.91,51%,0.66,23%,85%,0.1,Light Heavyweight,7,5,19,14,9,1,4,5,0,686
Dominick Reyes,"6' 4""",205 lbs.,"77""",Southpaw,26-Dec-89,5.39,54%,3.49,49%,0.29,28%,82%,0.3,Light Heavyweight,8,5,16,12,9,2,1,4,0,441
Volkan Oezdemir,"6' 2""",205 lbs.,"75""",Orthodox,19-Sep-89,4.95,48%,4.22,55%,0.5,29%,80%,0.1,Light Heavyweight,9,5,28,20,13,1,6,8,0,597
Azamat Murzakanov,"5' 10""",205 lbs.,"71""",Southpaw,12-Apr-89,4.93,57%,2.86,61%,0.58,15%,83%,0,Light Heavyweight,10,5,15,15,12,1,2,0,0,829
Alexander Volkanovski,"5' 6""",145 lbs.,"71""",Orthodox,29-Sep-88,6.18,56%,3.36,58%,1.67,34%,70%,0.2,Featherweight,C,1,31,27,13,3,11,4,0,981
Movsar Evloev,"5' 7""",145 lbs.,"72""",Orthodox,11-Feb-94,3.99,48%,2.66,60%,4.67,48%,61%,0.2,Featherweight,1,1,19,19,0,0,19,0,0,900
Diego Lopes,"5' 11""",145 lbs.,"72""",Orthodox,30-Dec-94,4.1,48%,4.72,47%,0.79,55%,67%,1.7,Featherweight,2,1,34,27,11,12,4,7,0,631
Yair Rodriguez,"5' 11""",145 lbs.,"71""",Orthodox,06-Oct-92,4.65,46%,3.78,52%,0.71,29%,59%,0.6,Featherweight,3,1,28,21,4,1,16,6,1,794
Lerone Murphy,"5' 9""",145 lbs.,"73""",Orthodox,22-Jul-91,4.48,53%,2.51,61%,1.41,54%,51%,0.5,Featherweight,4,1,18,17,8,0,9,0,1,822
Aljamain Sterling,"5' 7""",145 lbs.,"71""",Orthodox,31-Jul-89,4.45,52%,2.21,59%,2.45,30%,44%,0.6,Featherweight,5,1,30,25,3,8,14,5,0,834
Arnold Allen,"5' 8""",145 lbs.,"70""",Southpaw,22-Jan-94,3.45,41%,2.88,61%,0.93,47%,75%,0.3,Featherweight,6,1,23,20,7,4,9,3,0,817
Youssef Zalal,"5' 10""",145 lbs.,"72""",Switch,04-Sep-96,3.03,50%,1.78,66%,2.17,31%,59%,1.4,Featherweight,7,1,25,19,5,7,7,5,1,658
Brian Ortega,"5' 8""",145 lbs.,"69""",Switch,21-Feb-91,3.84,37%,6.38,49%,0.93,25%,54%,0.9,Featherweight,8,1,22,16,3,7,6,5,1,829
Josh Emmett,"5' 6""",145 lbs.,"70""",Orthodox,04-Mar-85,3.72,35%,4.43,60%,1.08,37%,43%,0.1,Featherweight,9,1,25,19,7,2,10,6,0,779
Jean Silva,"5' 6""",160 lbs.,--,Orthodox,08-Oct-77,0.73,22%,2.93,52%,0,0%,0%,0,Featherweight,10,1,19,16,12,3,1,3,0,514
Ilia Topuria,"5' 7""",155 lbs.,"69""",Orthodox,21-Jan-97,4.81,48%,3.83,64%,1.96,61%,93%,1.1,Lightweight,C,2,17,17,7,8,2,0,0,474
Islam Makhachev,"5' 10""",170 lbs.,"70""",Southpaw,27-Oct-91,2.63,58%,1.55,61%,3.2,53%,90%,1.1,Lightweight,1,2,28,27,5,11,11,1,0,693
Arman Tsarukyan,"5' 7""",155 lbs.,"72""",Orthodox,11-Oct-96,3.79,48%,1.84,53%,3.25,37%,75%,0,Lightweight,2,2,25,22,9,5,8,3,0,796
Max Holloway,"5' 11""",145 lbs.,"69""",Orthodox,04-Dec-91,7.2,48%,4.74,59%,0.24,53%,83%,0.3,Lightweight,3,2,47,36,10,22,4,11,0,583
Charles Oliveira,"5' 10""",155 lbs.,"74""",Orthodox,17-Oct-89,3.35,54%,3.24,49%,2.22,40%,54%,2.6,Lightweight,4,2,35,27,12,2,13,8,0,983
Justin Gaethje,"5' 11""",155 lbs.,"70""",Orthodox,14-Nov-88,6.59,58%,7.18,51%,0.1,14%,68%,0,Lightweight,5,2,31,26,20,1,5,5,0,671
Dan Hooker,"6' 0""",155 lbs.,"75""",Switch,13-Feb-90,5.03,48%,4.72,51%,0.73,34%,78%,0.3,Lightweight,6,2,26,23,7,10,6,3,0,600
Paddy Pimblett,"5' 10""",155 lbs.,"73""",Orthodox,03-Jan-95,5.19,53%,3.14,42%,0.96,28%,50%,1.7,Lightweight,7,2,35,23,11,4,8,12,0,764
Mateusz Gamrot,"5' 10""",155 lbs.,"70""",Southpaw,11-Dec-90,3.29,51%,2.96,59%,5.15,37%,83%,0.1,Lightweight,8,2,30,25,8,5,12,4,0,729
Beneil Dariush,"5' 10""",155 lbs.,"72""",Southpaw,06-May-89,3.78,49%,2.61,57%,2.12,38%,82%,0.8,Lightweight,9,2,30,23,5,8,10,6,1,550
Rafael Fiziev,"5' 8""",155 lbs.,"71""",Switch,05-Mar-93,4.77,52%,4.77,50%,0.89,72%,90%,0,Lightweight,10,2,15,12,8,1,3,3,0,752
Jack Della Maddalena,"5' 11""",170 lbs.,"73""",Switch,10-Sep-96,6.84,52%,4.53,64%,0.16,11%,69%,0.2,Welterweight,C,3,20,18,12,2,4,2,0,610
Belal Muhammad,"5' 11""",170 lbs.,"72""",Orthodox,09-Jul-88,4.46,43%,3.78,55%,2.24,38%,90%,0.1,Welterweight,1,3,29,24,5,1,18,4,0,923
Sean Brady,"5' 10""",170 lbs.,"72""",Orthodox,23-Nov-92,4,55%,2.94,59%,3.62,54%,86%,0.9,Welterweight,2,3,19,18,4,7,7,1,0,856
Shavkat Rakhmonov,"6' 1""",170 lbs.,"77""",Orthodox,23-Oct-94,3.25,60%,2.17,51%,1.4,25%,85%,1.2,Welterweight,3,3,19,19,8,10,1,0,0,585
Leon Edwards,"6' 2""",170 lbs.,"74""",Southpaw,25-Aug-91,2.62,54%,2.42,53%,1.18,36%,63%,0.4,Welterweight,4,3,28,22,7,3,12,5,0,1039
Kamaru Usman,"6' 0""",170 lbs.,"76""",Switch,11-May-87,4.16,51%,2.67,55%,2.79,44%,89%,0.1,Welterweight,5,3,25,21,9,1,11,4,0,1070
Ian Machado Garry,"6' 3""",170 lbs.,"74""",Orthodox,17-Nov-97,4.77,54%,2.77,51%,1.02,33%,73%,0.4,Welterweight,6,3,14,13,6,1,6,1,0,636
Joaquin Buckley,"5' 10""",170 lbs.,"76""",Southpaw,27-Apr-94,3.88,36%,2.93,59%,1.54,45%,72%,0.1,Welterweight,7,3,28,21,16,0,5,7,0,478
Michael Morales,"6' 0""",170 lbs.,"79""",Orthodox,24-Jun-99,5.62,49%,3.31,53%,1.09,41%,89%,0,Welterweight,8,3,17,17,12,1,4,0,0,535
Carlos Prates,"6' 1""",170 lbs.,"78""",Switch,17-Aug-93,3.82,54%,4.8,48%,0.23,100%,84%,0,Welterweight,9,3,19,18,14,0,4,1,0,374
Colby Covington,"5' 11""",170 lbs.,"72""",Orthodox,22-Feb-88,3.81,38%,3.09,54%,3.64,42%,68%,0.2,Welterweight,10,3,22,17,4,4,9,5,0,889
